{
  "summary": {
    "successRate": 1.0,
    "total": 15.002449787,
    "slowest": 0.00370045,
    "fastest": 0.000179363,
    "average": 0.000230496967782545,
    "requestsPerSec": 4288.966196424571,
    "totalData": 128688,
    "sizePerRequest": 2,
    "sizePerSec": 8577.799081288136
  },
  "responseTimeHistogram": {
    "0.000179363": 1,
    "0.0005314717": 64272,
    "0.0008835803999999999": 30,
    "0.0012356891": 11,
    "0.0015877978": 3,
    "0.0019399065": 7,
    "0.0022920151999999997": 7,
    "0.0026441239": 1,
    "0.0029962326": 3,
    "0.0033483413": 2,
    "0.00370045": 7
  },
  "latencyPercentiles": {
    "p10": 0.000204634,
    "p25": 0.000215734,
    "p50": 0.000224694,
    "p75": 0.000238415,
    "p90": 0.000255465,
    "p95": 0.000272085,
    "p99": 0.000312406,
    "p99.9": 0.000578751,
    "p99.99": 0.003468514
  },
  "firstByteHistogram": {
    "0.000179043": 1,
    "0.0005311457": 64272,
    "0.0008832484": 30,
    "0.0012353511000000002": 11,
    "0.0015874538000000002": 3,
    "0.0019395565000000002": 7,
    "0.0022916592": 7,
    "0.0026437619": 1,
    "0.0029958646": 3,
    "0.0033479673000000004": 2,
    "0.00370007": 7
  },
  "firstBytePercentiles": {
    "p10": 0.000204284,
    "p25": 0.000215404,
    "p50": 0.000224345,
    "p75": 0.000238064,
    "p90": 0.000255125,
    "p95": 0.000271725,
    "p99": 0.000312016,
    "p99.9": 0.000578351,
    "p99.99": 0.003468144
  },
  "rps": {
    "mean": 4289.345366219388,
    "stddev": 206.97061123775657,
    "max": 4600.493632966817,
    "min": 1909.3470173890394,
    "percentiles": {
      "p10": 4130.4555005877055,
      "p25": 4246.617670135752,
      "p50": 4334.102451731293,
      "p75": 4392.657397342151,
      "p90": 4438.152578642304,
      "p95": 4465.78367297305,
      "p99": 4512.206873254386,
      "p99.9": 4587.944940174643,
      "p99.99": 4600.493632966817
    }
  },
  "details": {
    "DNSDialup": {
      "average": 0.00005871014440993788,
      "fastest": 0.000047691,
      "slowest": 0.000160393
    },
    "DNSLookup": {
      "average": 3.410399068322981e-6,
      "fastest": 2.59e-6,
      "slowest": 0.00001739
    },
    "firstByte": {
      "average": 0.0002301493869358442,
      "fastest": 0.000179043,
      "slowest": 0.00370007
    }
  },
  "statusCodeDistribution": {
    "200": 64344
  },
  "errorDistribution": {
    "aborted due to deadline": 1
  }
}